{
  "metadata": {
    "name": "69shu - repo Đđ (Extended)",
    "author": "Chanhnh",
    "version": 3,
    "source": "https://69shu.biz",
    "regexp": "(69shu|69shuba|69xinshu)\\.(.*?)/(txt|book|b|c)/.*?\\.(htm|html)",
    "description": "Đọc truyện trên trang 69shu",
    "locale": "zh_CN",
    "language": "javascript",
    "type": "chinese_novel"
  },
  "script": {
    "home": "home.js",
    "detail": "detail.js",
    "toc": "toc.js",
    "chap": "chap.js",
    "genre": "genre.js",
    "search": "search.js"
  }
}
