{
  "metadata": {
    "name": "辣文小说",
    "author": "Chanhnh",
    "version": 2,
    "source": "https://www.aahhss.com/",
    "regexp": "https://(www.)aahhss.com/book/\\d+/?$",
    "description": "Đọc truyện trên trang aahhss",
    "locale": "zh_CN",
    "language": "javascript",
    "type": "chinese_novel",
    "tag": "nsfw"
  },
  "script": {
    "home": "home.js",
    "detail": "detail.js",
    "toc": "toc.js",
    "genre": "genre.js",
    "search": "search.js",
    "chap": "chap.js"
  }
}
