{
    "metadata": {
        "name": "alicesw",
        "author": "Chanhnh",
        "version": 1,
        "source": "https://www.alicesw.com",
        "regexp": "(?:www\\.)alicesw\\.(.*?)/novel/.*?\\.html",
        "description": "Đọc truyện trên trang alicesw",
        "locale": "zh_CN",
        "language": "javascript",
        "type": "chinese_novel",
        "tag": "nsfw"
    },
    "script": {
        "home": "home.js",
        "detail": "detail.js",
        "toc": "toc.js",
        "chap": "chap.js",
        "search": "search.js",
        "genre": "genre.js"
    }
}
