{
  "metadata": {
    "name": "Fanqie CE by Chanhnh with lov3",
    "author": "Chanhnh",
    "version": 241027,
    "source": "https://gist.github.com/Chanhnh/41e8dc13c03bd0d3ac5d2a2cd0352f10",
    "regexp": "(\\d+)[.](\\d+)[.](\\d+)[.](\\d+):9999/info(.*?)|localhost:9999/info(.*?)|api.api-fanqienovel.sunianyun.live/info(.*?)|list.fqapi.jilulu.cn/info(.*?)|fanqienovel.com/page/(\\d+)|fanqienovel.com/info(.*?)",
    "description": " Fanqie CE (Communist Edition - Bản cộng đồng), luôn miễn phí",
    "locale": "zh_CN",
    "language": "javascript",
    "type": "chinese_novel"
  },
  "script": {
    "home": "home.js",
    "detail": "detail.js",
    "genre": "genre.js",
    "toc": "toc.js",
    "search": "search.js",
    "chap": "chap.js"
  },
  "config": {
    "thread_num": 1,
    "delay": 5000
  }
}
