{
  "metadata": {
    "name": "Fanqie CE (CHỈ ĐỌC, KO TẢI)",
    "author": "Chanhnh",
    "version": 1,
    "source": "https://gist.github.com/Chanhnh/41e8dc13c03bd0d3ac5d2a2cd0352f10",
    "regexp": "api.api-fanqienovel.sunianyun.live/info(.*?)|list.fqapi.jilulu.cn/info(.*?)|fanqienovel.com/page/(\\d+)|fanqienovel.com/info(.*?)",
    "description": "Fanqie CE v1 (Communist Edition - Bản cộng đồng)",
    "locale": "zh_CN",
    "language": "javascript",
    "type": "chinese_novel"
  },
  "script": {
    "home": "home.js",
    "detail": "detail.js",
    "genre": "genre.js",
    "toc": "toc.js",
    "search": "search.js",
    "chap": "chap.js"
  },
  "config": {
    "thread_num": 1,
    "delay": 10000
  }
}
